-- Thêm dữ liệu vào database --
use QuanLyCuaHangTienLoi
-- Thêm bảng CHUCVU --

INSERT INTO CHUCVU VALUES('MNG',N'Quản lý cửa hàng',9000000);
INSERT INTO CHUCVU VALUES('ST',N'Nhân viên bán hàng',5500000);

-- Thêm bảng NHANVIEN --
INSERT INTO NHANVIEN
VALUES ('NV01',N'Nguyễn Như',N'Nữ','2000/04/13',N'75 Trương Văn Thành, Q9, HCM','nguyennhu','12345','0927345678','ST');
INSERT INTO NHANVIEN
VALUES ('NV02',N'Lê Văn Minh',N'Nam','1997/05/24',N'Phường Long Thạnh Mỹ, Q9, HCM','minhle','12345','0338574442','MNG');
INSERT INTO NHANVIEN
VALUES ('NV03',N'Ngô Thành Tuấn',N'Nam','1999/06/10',N'731 Trần Hưng Đạo, Q5, HCM','tuanngo','12345','0913758498','ST');


-- Thêm bảng KHOHANG --
INSERT INTO KHOHANG(MaMH)
VALUES ('MH01');
INSERT INTO KHOHANG(MaMH)
VALUES ('MH02');
INSERT INTO KHOHANG(MaMH)
VALUES ('MH03');
INSERT INTO KHOHANG(MaMH)
VALUES ('MH04');
INSERT INTO KHOHANG(MaMH)
VALUES ('MH05');
INSERT INTO KHOHANG(MaMH)
VALUES ('MH06');
INSERT INTO KHOHANG(MaMH)
VALUES ('MH07');
INSERT INTO KHOHANG(MaMH)
VALUES ('MH08');
INSERT INTO KHOHANG(MaMH)
VALUES ('MH09');
-- Thêm bảng NHACUNGCAP --
INSERT INTO NHACUNGCAP
VALUES ('NCC01',N'Nhà CC A',N'Q Tân Phú, HCM','0351094542','012451821501');
INSERT INTO NHACUNGCAP
VALUES ('NCC02',N'Nhà CC B',N'Q Thủ Đức, HCM','0808401684','054901684541');
INSERT INTO NHACUNGCAP
VALUES ('NCC03',N'Nhà CC C',N'Q 9, HCM','0975181245','016181548484');
INSERT INTO NHACUNGCAP
VALUES ('NCC04',N'Nhà CC D',N'Q1, HCM','0351021212','021211821501');
INSERT INTO NHACUNGCAP
VALUES ('NCC05',N'Nhà CC E',N'Q Bình Tân, HCM','021211684','0542021544541');
INSERT INTO NHACUNGCAP
VALUES ('NCC06',N'Nhà CC F',N'Q 9, HCM','0901181245','010132548484');

-- Thêm bảng MATHANG --
INSERT INTO MATHANG
VALUES('MH01',N'Mì Hảo Hảo chua cay','3500','3000','2021/02/06','2023/12/12')
INSERT INTO MATHANG
VALUES('MH02',N'Mì Ba Miền','3500','2900','2020/06/06','2022/12/12')
INSERT INTO MATHANG
VALUES('MH03',N'Bánh Mì','5000','2500','2021/10/06','2021/10/21')
INSERT INTO MATHANG
VALUES('MH04',N'Bánh gạo','30000','25500','2021/10/01','2022/10/21')
INSERT INTO MATHANG
VALUES('MH05',N'Coca Cola','10000','6000','2021/05/06','2022/5/06')
INSERT INTO MATHANG
VALUES('MH06',N'String','10000','7000','2021/10/01','2022/10/21')
INSERT INTO MATHANG
VALUES('MH07',N'Pessi','10000','6000','2021/05/06','2022/5/06')
INSERT INTO MATHANG
VALUES('MH08',N'Bánh Ngọt','30000','26000','2021/11/01','2021/12/30')
INSERT INTO MATHANG
VALUES('MH09',N'RedBull','15000','10000','2021/05/06','2022/5/06')
-- Thêm bảng HANGNHACUNGCAP --
INSERT INTO HOADONNHANHANG(MaNCC,MaMH,SoLuong,NgayGiao)
VALUES ('NCC01','MH01',500,'2021/10/01')
INSERT INTO HOADONNHANHANG(MaNCC,MaMH,SoLuong,NgayGiao)
VALUES ('NCC02','MH02',300,'2021/11/01')
INSERT INTO HOADONNHANHANG(MaNCC,MaMH,SoLuong,NgayGiao)
VALUES ('NCC03','MH03',100,'2021/09/20')
INSERT INTO HOADONNHANHANG(MaNCC,MaMH,SoLuong,NgayGiao)
VALUES ('NCC02','MH04',200,'2021/11/01')
INSERT INTO HOADONNHANHANG(MaNCC,MaMH,SoLuong,NgayGiao)
VALUES ('NCC03','MH05',3000,'2021/10/5')
INSERT INTO HOADONNHANHANG(MaNCC,MaMH,SoLuong,NgayGiao)
VALUES ('NCC02','MH06',100,'2021/11/10')
INSERT INTO HOADONNHANHANG(MaNCC,MaMH,SoLuong,NgayGiao)
VALUES ('NCC03','MH07',500,'2021/11/06')
INSERT INTO HOADONNHANHANG(MaNCC,MaMH,SoLuong,NgayGiao)
VALUES ('NCC04','MH08',10,'2021/10/30')
INSERT INTO HOADONNHANHANG(MaNCC,MaMH,SoLuong,NgayGiao)
VALUES ('NCC05','MH09',10,'2021/10/30')
---Thêm bảng khách hàng--
INSERT INTO KHACHHANG(TenKH,GioiTinh ,NgaySinh ,DiaChi,SDT ,Email)
VALUES (N'Lê Văn A','Nam','1999/01/01','HCM','033855445','lva@gmail.com')
INSERT INTO KHACHHANG(TenKH,GioiTinh ,NgaySinh ,DiaChi,SDT ,Email)
VALUES (N'Lê Văn B','Nam','1997/05/01','HCM','033554445','lvb@gmail.com')
INSERT INTO KHACHHANG(TenKH,GioiTinh ,NgaySinh ,DiaChi,SDT ,Email)
VALUES (N'Nguyễn Thị B',N'Nữ','2000/01/01','HCM','005480949','ntb@gmail.com')

---Thêm hoá đơn---
INSERT INTO HOADON(NgayLHD,MaKH ,MaNV)
VALUES ('2021/01/01','KH001','NV01')
INSERT INTO HOADON(NgayLHD,MaKH ,MaNV)
VALUES ('2021/10/01','KH002','NV02')
INSERT INTO HOADON(NgayLHD,MaKH ,MaNV)
VALUES ('2021/11/01','KH003','NV03')
---Thêm chi tiết hoá đơn--
INSERT INTO CHITIETHOADON(MaHD,MaMH,SoLuong)
VALUES ('HD001','MH01',10)
INSERT INTO CHITIETHOADON(MaHD,MaMH,SoLuong)
VALUES ('HD002','MH02',6)
INSERT INTO CHITIETHOADON(MaHD,MaMH,SoLuong)
VALUES ('HD003','MH03',5)
INSERT INTO CHITIETHOADON(MaHD,MaMH,SoLuong)
VALUES ('HD003','MH04',2)
INSERT INTO CHITIETHOADON(MaHD,MaMH,SoLuong)
VALUES ('HD002','MH05',5)